id,name,country,latitude,longitude
deb13046-e73e-4e58-a418-700c99317c23,Bodega Artesanal de Bastia,Francia,42.607641,9.384827
25f471b4-61ef-4ca0-b3cd-9a364358e5e9,Bodega Artesanal de Braga (Sur),Portugal,41.506135,-8.427866
5fc75d47-ed31-40b9-bda3-e09a72699a9d,Bodega Artesanal de Braga (Sur) #2,Portugal,41.494884,-8.449292
b5af2a0a-c794-4fc5-92c9-efbb4845e820,Bodega Artesanal de Nueva York (Norte),Estados Unidos,40.61764,-73.91021
3c958f44-669f-4dcf-9bf8-cb810907d4bd,Bodega Artesanal de Viana do Castelo Bajo,Portugal,41.624549,-8.851632
6c37e2e9-5d7e-45b9-a23b-c61a7f9535db,Bodega Artesanal de Viana do Castelo de la Sierra,Portugal,41.604739,-8.732889
8490d2d0-9ed3-4e89-a8cd-2c291791d69b,Café Histórico de Bilbao del Valle,España,43.153039,-2.967484
26bac137-8a78-4f6a-bcde-be36aa0ae1a4,Café Histórico de Marrakech,Marruecos,31.575375,-7.965277
b1bf0f2b-1e93-43be-86a3-3008d5731ab6,Café Histórico de Ponta Delgada,Portugal,37.63463,-25.712735
09a5a2ee-9a43-4fec-91bc-ab77603f3058,Café Histórico de Porto del Valle,Portugal,41.228995,-8.613276
e99a4dd1-260e-4a68-b692-fdc43f433db7,Café Histórico de Santander Nuevo,España,43.370302,-3.919017
6b19de97-dcb9-48e1-8a45-4c2eccf022d2,Café Histórico de Valencia (Norte),España,39.448565,-0.288979
fa3c9dd9-90c5-4b44-bdd1-f290aee976d0,Cascada Oculta Alicante (Norte),España,38.244427,-0.556402
d5d55f07-1a55-4e3b-be45-27b993790154,Cascada Oculta Nueva York,Estados Unidos,40.614802,-74.075095
8bc64de3-e66f-4587-ad3e-2db2ae4a686f,Cascada Oculta Sevilla Alto,España,37.306668,-6.006456
38a8e45b-1641-42cc-83a9-53364c67d000,Casco Antiguo de Aviñón (Sur),Francia,44.063021,4.865375
97994320-be06-450e-94c8-2a8f058cd051,Casco Antiguo de Leiria Nuevo,Portugal,39.811473,-8.828289
f129d5c7-7907-4a86-8dbe-319e7af52efa,Casco Antiguo de Murcia (Norte),España,37.884701,-1.022239
1637941c-6431-4c5e-b41e-b80bec3079ba,Casco Antiguo de Niza,Francia,43.593766,7.331596
94a05278-c7d4-432b-a6a5-9ba40c7658a6,Casco Antiguo de Viana do Castelo Nuevo,Portugal,41.779506,-8.934117
f9b7aa48-5ef5-41eb-ad2f-fb5c8bd0f2a0,Castillo de Albacete Bajo,España,38.951786,-1.745656
16e7679f-f77a-4ad5-b3a7-bef3734ace4c,Castillo de Braga del Valle,Portugal,41.635,-8.536052
27855bd9-b374-4a47-93d2-676854ccedb1,Castillo de Llívia de la Sierra,España,42.510214,1.632523
e349ab00-444b-49a6-8290-5fa255ebb7c0,Castillo de Palma (Sur),España,39.456566,2.610871
123c0fe0-c308-4fe8-9ea8-630fff9b9c49,Castillo de Sevilla Bajo,España,37.302882,-5.87254
05bd4905-86cd-4802-b4e3-b9015917ce5f,Castillo de Toledo,España,39.947601,-4.121703
2309c116-f7e0-41a8-9b22-9297d61008e4,Castillo de Zaragoza Nuevo,España,41.579598,-0.930657
5b1fe3e4-4b8d-4017-bc59-b891d6e280ec,Catedral de Consuegra de la Sierra,España,39.624731,-3.544869
6bfda188-ddce-4f14-8b90-883bebb3f64f,Catedral de Niza,Francia,43.647451,7.255655
7da674a6-da19-486f-ac19-bbfb8a541f4e,Catedral de Santander Alto,España,43.36467,-3.691758
a8ba652c-d138-49c2-8812-3b161b846a13,Catedral de Sevilla del Valle,España,37.359079,-6.097735
8e932821-1a3d-4907-bb74-ef57daf86d4f,Cueva de Alicante Nuevo,España,38.278372,-0.453374
34288f92-2928-4089-ad65-a751a8b5b5f7,Cueva de Aveiro (Norte),Portugal,40.751606,-8.526181
b85fd50b-147e-4ca8-b4fb-659b2c8cd9e8,Cueva de Bilbao de la Sierra,España,43.274713,-2.880464
2cc8afab-6b1c-4530-a1c8-fbab3a06d002,Cueva de Cáceres (Norte),España,39.411383,-6.34871
7beae676-25cc-4b7b-bdcf-c9f7da9c2e0d,Cueva de Málaga Bajo,España,36.619631,-4.389426
b76edbd0-3492-41a6-a6f9-0378b2d8aaa7,Cueva de Nueva York de la Sierra,Estados Unidos,40.739837,-73.953374
c04bcd1b-e2bc-4f1e-8b82-65fee4d5f4ae,Cueva de Valencia (Norte),España,39.408296,-0.354971
1eda8aa6-3489-47b6-904a-f8d2934350b1,Faro de Cáceres (Norte),España,39.460726,-6.301924
045190d5-2500-4e0b-be7b-a86a88502916,Faro de Évora (Norte),Portugal,38.686082,-7.840776
294219ec-b114-4384-b968-e06c68747cf0,Faro de Llívia Nuevo,España,42.605509,1.497914
abf252e0-7914-4a7b-9d09-e1e65749c6f0,Faro de Lyon Alto,Francia,45.805752,4.781005
887369dc-e169-4c10-863b-68cc57a52460,Faro de Murcia del Valle,España,38.007004,-1.089897
e16ac9d9-c472-4f9f-b94f-7371f0a235ad,Faro de Toledo Bajo,España,39.947628,-3.918477
13b6ac67-83d9-447b-bba9-7326cb3bcd30,Jardín Botánico de Beja Nuevo,Portugal,38.061739,-7.93713
b57c37c9-b057-4992-ab61-955f4f764434,Jardín Botánico de Consuegra Antiguo,España,39.689022,-3.524766
d3adbc11-a6d4-4854-baab-22f927411f01,Jardín Botánico de Dijon Bajo,Francia,47.430994,5.071932
76c4ca61-b8bc-4545-892c-1aae0c40ae89,Jardín Botánico de Évora (Norte),Portugal,38.490257,-7.879521
0f792e64-827a-4720-9551-20fc403e9511,Jardín Botánico de Granada Bajo,España,37.130789,-3.579027
6fa5a913-326d-44f9-bdf2-4d6efa3465d6,Jardín Botánico de Málaga (Norte),España,36.833019,-4.480805
33c7f721-cebd-4e3b-bdff-a3bb9b14760c,Jardín Botánico de Málaga Antiguo,España,36.829581,-4.459384
7fcf8f21-748c-4b0f-b509-4e8164a843c1,Jardín Botánico de Murcia Alto,España,38.05416,-1.084954
abe19bf4-ee99-4f8e-8af4-5e51653e4c33,Jardín Botánico de Rennes Alto,Francia,48.164357,-1.76449
25603a76-01c9-46a8-9c6b-90464a8a845e,Jardín Botánico de Santorini (Norte),Grecia,36.44058,25.371807
a1d9bbf1-e202-4dbc-b6c6-cd7b53a3eff2,Jardín Botánico de Valencia Antiguo,España,39.4886,-0.445243
568df858-a5e8-4bdd-94f3-fe2a43d02e1a,Jardín Botánico de Valencia Nuevo,España,39.555756,-0.417147
cf16cfa4-ea6e-4dfe-9988-2c6f8677eb8f,Jardín Botánico de Viana do Castelo (Sur),Portugal,41.812101,-8.817816
c4f4e307-eb22-4709-9f67-2aca3791a85b,Jardín Botánico de Zaragoza (Norte),España,41.531837,-0.908286
34fad56f-88f0-4ad8-906d-d5758d0642e3,Mercado Central de Aveiro Nuevo,Portugal,40.590703,-8.764649
5797105e-2ded-4bb9-b0a5-a87d95d0b3b8,Mercado Central de Ávila del Valle,España,40.768058,-4.657152
5786fb0e-89ad-4a33-862c-9bec7f2cb287,Mercado Central de Burdeos (Norte),Francia,44.870588,-0.550186
bd89c994-d37f-46ca-a5f6-692c190af522,Mercado Central de Granada Alto,España,37.277493,-3.689474
4db50cf6-58f3-4781-9f8c-6190e536b1ef,Mercado Central de Lisboa (Norte),Portugal,38.780272,-9.200526
d11f44dd-0667-40a4-b87d-c5cfc35ef9bb,Mercado Central de Llívia,España,42.559759,1.641969
042128b3-d546-4696-a7fa-7d3b3e0d8a45,Mercado Central de Madrid Bajo,España,40.32365,-3.596988
28cf0c27-8739-4c5d-b2e8-e6f8638d1d19,Mercado Central de Málaga Nuevo,España,36.797354,-4.349098
40b287bf-f0f6-4309-b257-53ce875e1a67,Mercado Central de Montpellier Nuevo,Francia,43.714421,3.781561
70153a8f-0ead-45ef-98ab-17e6179398b4,Mercado Central de Oviedo (Norte),España,43.460957,-5.719748
d006c4c4-117e-4660-89f1-725b967d7c33,Mercado Central de París Bajo,Francia,48.803146,2.468367
a9ca1867-bc5d-49ec-80a3-ae6c356bc8f4,Mirador de Braga (Norte),Portugal,41.442101,-8.368667
654ecabd-0d03-4e9f-89d9-2f274bb9fbdc,Mirador de Dijon,Francia,47.419161,5.061679
b1a119cf-ef5f-4a3d-8680-545fd90290cc,Mirador de Edimburgo de la Sierra,Reino Unido,56.029309,-3.095989
1b2b47d2-3c3a-4b85-9911-d6aec8fdfecd,Mirador de Nueva York,Estados Unidos,40.804203,-74.009669
e4af637c-8cf9-44f5-a4aa-6b2e8529e1e3,Mirador de Sevilla Bajo,España,37.321573,-5.983215
03d10475-6515-4265-afcf-ed88f28ff389,Mirador de Toledo de la Sierra,España,39.959386,-4.107787
1c47653e-11d3-4aab-a412-fb2b7e2ded73,Mirador de Toulouse (Norte),Francia,43.496841,1.564028
7b52862e-8e97-4195-94d3-212ee3ad825a,Mirador de Valladolid Bajo,España,41.704384,-4.778196
802a59b7-4e96-4d4e-8487-a6fb295893d6,Monasterio de Albacete,España,39.011984,-1.784767
49f4b495-cf8d-402b-bfd5-9902ab717924,Monasterio de Albacete Nuevo,España,38.907711,-1.799703
48182fea-28c9-4975-84a3-f222e45fd252,Monasterio de Ginebra del Valle,Suiza,46.108245,6.187763
1813cd8c-80a1-46a3-b2d9-0fd41dca2f0a,Monasterio de Le Havre Nuevo,Francia,49.442797,0.093064
d62c9fb3-b07b-4101-9a73-0f218d56af3e,Monasterio de Llívia Antiguo,España,42.500057,1.444305
d13d1007-59ab-403d-8efb-46f0f64ba22e,Monasterio de Nápoles (Sur),Italia,40.907458,14.343946
1cf5f9bf-da56-404b-833f-6f99fc60e00d,Monasterio de Niza de la Sierra,Francia,43.683475,7.231043
ea2ae62e-8fda-4d7a-91bf-7d96208bc9b3,Monasterio de Santander Antiguo,España,43.366103,-3.761473
80293d7a-0bc6-40dd-809f-b2051ea2d44f,Monasterio de Santiago de Compostela (Norte),España,42.814478,-8.584197
2b84ade1-7c60-40cf-b82f-38d30820a279,Monasterio de Tenerife Antiguo,España,28.434669,-16.134314
373a3fd9-84fe-49e7-83a5-17906ed120ab,Monasterio de Valencia Nuevo,España,39.583448,-0.405452
d3450416-705f-49a8-994a-f3bd3f3dcf5c,Monasterio de Valladolid Antiguo,España,41.637653,-4.793668
ed8c4aa7-b1a7-4a5c-9628-5a392343f537,Museo Etnográfico de Almada Antiguo,Portugal,38.881526,-9.194784
1b2f3b6c-47e6-4f12-9cc6-7a0b774fa9e3,Museo Etnográfico de Almada Bajo,Portugal,38.890163,-9.201017
5b322261-0ad1-4656-9a94-04c116847496,Museo Etnográfico de Bastia,Francia,42.587476,9.379282
417c8935-b0db-493c-81d0-c59e023fda79,Museo Etnográfico de Berlín (Sur),Alemania,52.456705,13.320147
93d20425-7f27-4217-8e71-1c2ebd45b547,Museo Etnográfico de Cádiz (Sur),España,36.466168,-6.337999
ef50654b-ca8b-4294-8b78-8e89d4f76141,Museo Etnográfico de Estrasburgo,Francia,48.469866,7.815738
04e9ab8a-f373-4adf-aa88-e2648e6170c7,Museo Etnográfico de Lisboa del Valle,Portugal,38.727081,-9.065737
898b7fef-a3fb-4ca1-8488-a88740bd900e,Museo Etnográfico de Los Ángeles Nuevo,Estados Unidos,33.992995,-118.18291
e0460964-54c2-4756-a6b4-c0dc1f2b0648,Museo Etnográfico de Montpellier (Sur),Francia,43.692801,3.878539
12563119-df7c-48c8-a686-fff032ce4cba,Museo Etnográfico de Valladolid (Sur),España,41.549248,-4.795438
24ba3b2a-ec9b-4e38-ba3a-65bb13969fb2,Parque Municipal de Funchal de la Sierra,Portugal,32.563012,-16.844475
272393af-3198-4f9c-bccd-8fe251cabcc6,Parque Municipal de Lille Nuevo,Francia,50.586553,2.996219
4fba189d-00df-466b-aec2-3b0924d18dd3,Parque Municipal de Lisboa Antiguo,Portugal,38.761003,-9.073764
95bf23cb-b9b9-4cf6-a047-e4f0f4c3e15f,Parque Municipal de Lisboa del Valle,Portugal,38.791714,-9.103947
52c1fb5a-fc39-4e8e-8bb7-f54c50012841,Parque Municipal de Llívia Alto,España,42.497731,1.440576
838db3fd-dc4f-4c12-afc5-9e7887dc7a76,Parque Municipal de Llívia del Valle,España,42.406853,1.417798
cc5fc42b-8e32-4b82-bf4d-446e4cbe1e29,Parque Municipal de Marrakech Nuevo,Marruecos,31.540448,-7.93098
757db149-393d-49d6-8656-1c346717159a,Parque Municipal de Toledo de la Sierra,España,39.884854,-3.98818
6de248f1-71a1-4bdd-bab4-d1008aef667a,Parque Municipal de Valladolid Nuevo,España,41.658078,-4.633462
4ddb3669-c721-4d78-b15f-892527ad1106,Playa Secreta de Alicante,España,38.252516,-0.497821
1b4ab9f3-9d58-4648-9460-d6d74f93084c,Playa Secreta de Alicante de la Sierra,España,38.363211,-0.428549
baced2f2-556e-4845-ba20-ee3dfbec3cf5,Playa Secreta de Atenas del Valle,Grecia,37.870749,23.673085
239a7005-01ca-4bf4-8d12-314945861e7d,Playa Secreta de Leiria Alto,Portugal,39.680985,-8.832111
f15f6ed0-3dea-4671-aadc-ac312fe1f531,Playa Secreta de Londres,Reino Unido,51.458499,-0.161189
c14dd510-c115-49c8-9c93-7beda9012416,Playa Secreta de Madrid del Valle,España,40.307838,-3.632726
8ddeaa28-35f0-459a-9081-00c1c572fdcf,Playa Secreta de Tenerife (Norte),España,28.352626,-16.283303
974c3222-a775-4ca4-95f0-87cc3c1b5365,Playa Secreta de Valencia de la Sierra,España,39.522641,-0.424223
b35a79fc-b3f1-49b7-b6e1-623586a77444,Plaza Mayor de A Coruña Nuevo,España,43.370109,-8.497856
4fc18bfc-3108-45a2-832a-3a03adbbc1e0,Plaza Mayor de Albacete de la Sierra,España,39.068463,-1.97694
e280fafd-f42c-45d4-99e3-7ffc25170b43,Plaza Mayor de Le Havre Nuevo,Francia,49.501805,0.207137
f8f888ea-3ca9-497a-85ab-67b95042c205,Plaza Mayor de Málaga Alto,España,36.800823,-4.356337
d6c736a5-d244-47e4-81c6-ec58738ea3c4,Plaza Mayor de Ponta Delgada (Norte),Portugal,37.733565,-25.571717
c9e0df07-10de-4218-9a3b-a6ab10992b13,Plaza Mayor de Santander,España,43.501883,-3.838905
a4b87810-5326-4f00-a2fb-eebe395ef8af,Plaza Mayor de Valladolid Nuevo,España,41.767396,-4.672094
8904fc13-0feb-4929-8552-e1c9d2c18b08,Plaza Mayor de Vigo (Norte),España,42.284232,-8.797486
41f49121-df8b-427c-9f40-759e747f0371,Pueblo Encantado Beja Antiguo,Portugal,37.913579,-7.883634
f3870dc6-09bb-4871-8eb7-edfcc02e8c05,Pueblo Encantado Beja Antiguo #2,Portugal,38.073441,-7.973255
d2ac1433-6d11-46b6-98ce-3ec2b4e1bcc3,Pueblo Encantado Coimbra Nuevo,Portugal,40.101027,-8.303443
436e4d2f-09f1-476f-bde7-ae81955de147,Pueblo Encantado Dijon del Valle,Francia,47.266258,4.972136
7b4d0ec7-7acb-43ad-8b96-e347917a38df,Pueblo Encantado Llívia del Valle,España,42.554405,1.438179
c1d66814-c7e5-46e3-a024-393e066730f3,Pueblo Encantado Los Ángeles Alto,Estados Unidos,34.043549,-118.228403
05f2e010-5b80-46dd-b3c6-25ff2eb26636,Pueblo Encantado Mafra Nuevo,Portugal,38.986166,-9.344793
e881c86e-a1bf-4b28-b46a-38a5fe14e335,Pueblo Encantado Málaga,España,36.690113,-4.368217
2167b960-a897-4032-b239-f619049d4a62,Pueblo Encantado Montpellier,Francia,43.559659,3.859873
36f4079c-d25b-4635-a947-c3df2b55cbeb,Pueblo Encantado Montpellier Alto,Francia,43.665052,3.957694
216814ca-345a-4d97-9e56-e40eba414bac,Pueblo Encantado Oviedo,España,43.513119,-5.691615
a17f1e80-e79e-4369-93b7-9bc6cb0f1e2d,Pueblo Encantado Palma,España,39.501017,2.561955
19a65ec1-c255-4c71-a869-93dcbbe02aa5,Pueblo Encantado Valladolid,España,41.545638,-4.824824
090fc490-026f-4683-bfea-b0b2638d8442,Pueblo Encantado Venecia Nuevo,Italia,45.531289,12.258192
1b17cb4a-c61b-495f-bcb9-0e17442bf638,Puente Medieval de Alicante,España,38.312027,-0.419454
5a977f93-ecc8-4d6f-85a8-9070e0ad0588,Puente Medieval de Almada Nuevo,Portugal,38.872186,-9.113203
5ceeb1ad-c8f6-4483-ac7c-fa0b496739a4,Puente Medieval de Aviñón (Norte),Francia,43.993963,4.803165
7e25339f-34d8-4043-924f-948b62429939,Puente Medieval de Burdeos Nuevo,Francia,44.903966,-0.607909
3d4aac2b-7356-46fc-965f-76e57fb8a6bb,Puente Medieval de Estrasburgo Alto,Francia,48.541682,7.859411
50368c20-3059-40ae-894f-fd0ca0ed2b23,Puente Medieval de Funchal Antiguo,Portugal,32.693443,-16.863526
34efea11-d182-4782-bf9b-fd9c8930583b,Puente Medieval de Granada (Norte),España,37.158058,-3.528064
006aa8d9-8666-47f2-a852-7a9ea6d61f78,Puente Medieval de Grenoble,Francia,45.095273,5.708844
b230fffe-b02a-4eb0-a261-21bc7834660b,Puente Medieval de Oviedo Alto,España,43.467221,-5.596506
045b2f5b-103e-4643-b360-25d3f69f657b,Puente Medieval de Salamanca de la Sierra,España,40.954968,-5.687495
d5664740-7395-4c47-bd93-d9508202c96a,Puente Medieval de Sevilla,España,37.347801,-6.033546
88a6f280-95dc-4343-ba20-88a64f28b301,Puente Medieval de Vigo (Norte),España,42.200279,-8.816612
e52e9fe9-2bcf-4801-8aae-3801704d18d4,Restaurante Tradicional Ávila (Norte),España,40.696972,-4.676164
aec4c126-fdda-41c5-869a-28660d3edd2d,Restaurante Tradicional Berna del Valle,Suiza,46.85253,7.418583
48139cf5-ce5e-4ed5-b252-b28a2093637b,Restaurante Tradicional Burdeos Nuevo,Francia,44.765697,-0.478772
97f88a17-7381-43ea-ab30-613f8c0be202,Restaurante Tradicional Funchal del Valle,Portugal,32.672676,-16.897747
4859aff1-91c7-4383-96f0-57f5b6971abe,Restaurante Tradicional Grenoble Nuevo,Francia,45.185765,5.631348
61e05d1b-2518-4cf8-964d-54e526b70f17,Ruta de Senderismo Bastia Bajo,Francia,42.640806,9.390238
fe2e1acd-2dd4-4e9d-b4c9-f70846366727,Ruta de Senderismo Leiria (Norte),Portugal,39.662737,-8.841835
506994bf-f285-4099-9f5e-8a37113ccf0d,Ruta de Senderismo Leiria Antiguo,Portugal,39.792385,-8.86208
5c8ed546-9ba4-4169-aac0-4446bdf9038d,Ruta de Senderismo Málaga,España,36.777411,-4.309686
af0f976c-f6b0-443a-9c93-64565d577058,Ruta de Senderismo Oviedo del Valle,España,43.65799,-5.765541
adeefb3c-8739-4d0d-94ee-478032791b23,Ruta de Senderismo Palma,España,39.597357,2.755573
32707b03-4c71-4c51-9e41-1657c9af0cf0,Ruta de Senderismo Palma #2,España,39.55573,2.602877
069b515b-19da-4d51-b606-6584860d2998,Ruta de Senderismo Roma,Italia,42.022697,12.537748
e868511b-5df7-430f-9685-c432e810ba0a,Ruta de Senderismo Toledo Bajo,España,39.885813,-4.034968
ced0df03-3b53-47dd-8592-109de4018ce4,Ruta de Senderismo Valencia,España,39.459049,-0.334821
539a85f1-a105-48b5-911e-84ecd9a37c90,Ruta de Senderismo Valladolid Bajo,España,41.586651,-4.762209
44019ece-2a06-4c0b-b2c8-4489350b8138,Ruta de Senderismo Venecia Alto,Italia,45.389215,12.378648
f6495751-221a-46cf-ad73-f61eef3ac87d,Ruta de Senderismo Vigo Alto,España,42.154948,-8.730024
4d382d2d-2e26-4404-bf56-8c2d988e69ee,Ruta de Senderismo Zaragoza del Valle,España,41.595665,-0.992439
