id,name,country_code
03647705-8b03-44e4-9a0a-eb3ce49160a6,Ferla,IT
05f22efa-ddf0-4bbf-9477-d76db6280b4f,Alaçatı Belediyesi,TR
085e73a4-7605-4152-aba7-5063dddfdbd6,Bodie,US
1324d8f0-f80d-40dd-b9f7-2df3aa9a6c5e,Agbokim Waterfall,NG
1748cf4e-e864-43b2-8e2c-478d453c4ed4,The Poky Dot,US
180db45e-2cf7-4129-9ebc-b70e92f60cb0,Jim’s Steak and Spaghetti House,US
192938bc-e866-4cee-b80a-cf8398a92e14,Hierapolis,TR
1a3fbd5b-a365-424e-852e-6c015196e8a3,Kuşadası,TR
1edc0a7a-c3eb-43d7-ac0c-7ba381bcfc94,Demre,TR
221b5281-0ee7-4e33-be40-527ebdec1887,Bač Fortress,RS
23240620-8769-4810-92e9-4ebffbea19c3,Great Mud Mosque of Djenné,ML
293742e6-11eb-406c-82c0-c79c36fb5e79,White Cliffs of Dover,GB
298bcc04-ae7c-4613-a488-5b31588d358b,Etroubles,IT
351185f5-34c6-4b83-990d-c44c85c32d84,Subótica,RS
355d2383-8eef-4887-a08e-f0a652f8cd10,Turenne,FR
37bd976d-6cca-4da4-bc0f-0f7ddffc755b,Perinaldo,IT
3b521e2b-5e41-453f-a660-d037583a6560,Ortahisar,TR
3b6d72ed-86c0-4d81-91d1-ae051a8791a5,Grand Mosque of Mopti,ML
3bff9788-daee-490a-b98a-11b66cdffddd,Moresco,IT
4094f50f-df96-428e-a008-d40ace8fa37d,Esie Figurines,NG
40ec559b-b482-4954-9c13-d51163d0b63e,Val d'Oingt,FR
42cb76c4-0339-426d-890a-9b26f02a1cb4,Kaş,TR
46ddc393-7b3c-44b1-8cc1-e333570ffbc3,Ogbunike Caves,NG
4898412f-fa31-49c0-948a-b46c567ff3ab,Timbuktu Manuscripts,ML
49b3ac3d-44e6-428b-9ab8-a0924865ea91,Garbagna,IT
4c1c5fc2-2c13-4096-aa77-40e30a4596df,Halfeti,TR
5021709b-2e96-4fd8-8536-dba096048d6f,Montechiarugolo,IT
5141e014-a2e5-4b66-957d-310df67802b0,Caldes,IT
53032874-8498-4831-bee9-74339c988e04,Sabbioneta,IT
54385784-4fc3-4808-9ca4-8354a523b558,Derinkuyu,TR
554c2784-5eb6-4a73-954f-7515c1bf0922,Deiva Marina,IT
5a20a2e1-897c-4f3d-8e84-296086c74a9a,Finalborgo,IT
5b4b1d39-35ff-455b-8056-de7bdfa92f6c,Prayer Mountain Hanwa,NG
5f04356d-fcb6-4813-8f17-3c61cf37e3ca,Castillo de Malbork,PL
60569e3e-64c4-4155-8f54-0bbb49597421,San Benedetto Po,IT
63d98ca4-4f33-4b77-b34c-40fcdea47c5a,Monteleone D'Orvieto,IT
6497ba27-c76d-4406-a936-89c149faef88,Yvoire,FR
64f031f9-f133-4b0e-9867-d7f1d66d7959,Cornello dei Tasso,IT
65031bbe-dbf4-4e81-941d-211819b6b989,Kennecott Mines,US
67e893d9-96b2-48e0-952e-49785d7d5f6c,Sammichele di Bari,IT
6ccbfaa1-40f8-40ce-aa03-4f23ef8488e9,Whitby Abbey,GB
6e419af4-9ace-4d9b-9d30-dafa2e4de677,Castle View Guesthouse,LT
705307ff-44aa-49a9-a741-017b3b4269f1,Diano Castello,IT
71916998-99a7-4d4a-85f3-f3070c8879a5,Bluetooth Runestone,SE
71c3829d-173b-45d3-a683-9bbd6b7c29cb,Corenno Plinio,IT
732a9487-a06c-4205-893a-740297a2d931,Bobbio,IT
75f4a275-0b1f-4297-8b1e-a497520f2708,Gualtieri,IT
776c9dd5-709d-4575-81d7-79d4248519e1,Antogo Fishing Frenzy,ML
795fef90-2cdc-4df1-bd39-ca647229169f,Apricale,IT
7a2fdbe9-5ecd-470d-bde6-c8c98637bf30,Boville Ernica,IT
834d45e5-ceda-464e-a748-10aa103820db,Şirince Köyü,TR
85929afe-5c53-4a62-8893-7f944d1d31a7,Opi,IT
87924368-c1f7-4af9-9e6f-82fabe615149,Uçhisar Belediyesi,TR
87ca871c-3386-4329-9060-88e2224cd4ea,Castiglione del Lago,IT
8a1340a3-570b-4803-9ec7-9cb455909077,Djingareyber Mosque,ML
8a31c450-dda1-4efc-90a0-97097eb26fc4,Pietrapertosa,IT
8dd068d3-98d7-4cb6-8e49-c1f60c8e7d99,Rango,IT
8ee51ed7-e781-4e8a-a3f5-0c1aef714cc0,Castelponzone,IT
9272e4ba-3094-4b43-8f22-9b52bb502675,Morro D'Alba,IT
936f1b10-e61d-41c9-ba9e-242df1f2aa12,Monasterio de Studenitsa,RS
968d28eb-fc03-4d70-8bb1-410b6ee24142,Griffith & Feil Soda Fountain,US
96e33434-6fda-48e0-b4de-df0888659d9c,Breslavia,PL
990c1954-ae74-47d4-8903-ddd6f4fd2515,Fontainemore,IT
99f6f76a-4f63-497b-871b-214be9e3e731,Osun-Osogbo Sacred Grove,NG
9edb4e3a-62ba-489b-a6ec-c5bacca1e606,Distrito de los lagos de Masuria,PL
9f2f4f4e-5264-45d3-96e7-d4e8729a1552,Yanartas Hostel,TR
a0120eb9-0349-40ae-a1f8-658fdd577e4b,Palacio de Wilanów,PL
a927a780-27e9-457f-a3d6-844c14e0f0ee,Castelrotto / Kastelruth,IT
aa249653-52b9-4255-a4b3-19f708532836,Cocconato,IT
aad8a7b2-e079-453c-946f-7bfc2df24150,Fethiye,TR
b312485a-ebe6-42f9-bc3c-cf96c751ef1b,Samy's Curry Restaurant,SG
b41a33d7-10e7-45c0-9cc9-f95fbd775d13,Monasterio de Sumela,TR
b477b270-1395-473a-bd50-4ce2ec544b28,Seborga,IT
b62f7b15-00c0-4cbd-9bb0-e7abb7b62b55,Cividale del Friuli,IT
b6fadf55-d6d0-44e0-a287-c32cc5bb663f,Yunak Evleri,TR
b847030b-d659-4c47-9aaa-921ca2d1d5f4,Usson,FR
b884ffc5-fd41-4ccd-aad3-3383ce548a36,Borgo Valsugana,IT
bae8bf48-721a-4ed1-98c3-dcd990e27b7a,Zuma Rock,NG
bdf3dcaa-a039-4db9-a06f-84b8879a432c,Colletta,IT
be4add00-cdd3-4774-8dc5-d8ce4a468331,Atzara,IT
c0630edd-763b-4191-a92e-765fc026e190,Gidan Rumfa (Emir's Palace),NG
c14a2f92-4361-41e3-ab33-b78b3cae8554,Skara Brae,GB
c19fd750-fd22-43b1-97ce-c107e3715c63,Iyake Suspended Lake,NG
c1d21d45-10b4-4ec6-97ed-ce799b042152,Lekki Conservation Center,NG
c2cc8173-2c4a-4964-8e65-cc0f74cf88da,Bozcaada,TR
c95621fb-a0ab-4bdc-bb65-d095f9b24491,Ring of Brodgar,GB
c972315e-ccfa-4915-aefb-3c398f22a880,Awhum Waterfall and Cave,NG
cc42df92-7bb3-47ea-8c92-9ecaf8c5b8c0,Locorotondo,IT
d20de930-fe09-42d5-a401-0cafbe11bdad,Éfeso,TR
d7f709d3-7644-4283-85bf-0146236264e8,Bagnara di Romagna,IT
d85bbb5f-a9b9-4de8-b42f-9cfceed08473,Valentine Texas Bar,US
dad8c402-fe5c-4b12-ac85-90a047ec43f6,Vézelay,FR
e0f017ed-ac7f-48d4-a56c-3497db1b8cf5,Castelvetro di Modena,IT
e419c86c-ab89-4ccc-8729-e7faee1b23c2,Villeréal,FR
e7e7dfd0-64b0-422a-8c74-d1f3e49561f9,Bandiagara Escarpment Cliff Dwellings,ML
e8c69d4e-bc97-4229-a72f-e5b6c5796361,Hagia Sophia Museum,TR
ea68e884-7369-4ba0-aa81-51e5533b9f88,Anghiari,IT
ecfa28f5-86b6-4b6f-9369-887139f0e841,Bagno di Romagna,IT
ed79db2c-5cfa-40e0-b8f9-6f4e766df849,Pergamon,TR
ef95e61d-5563-4452-952a-c0d9ecaedd13,Veules-les-Roses,FR
f9df6ee4-536a-41f1-837f-405b9c3979aa,Tomb of Askia,ML
fb30dca1-8692-4a59-8f09-740c49f214ce,Offida,IT
fea4be0a-ad9e-4239-ae85-693a79fcf77f,Norwegian Church Arts Centre,GB
